id,type,properties
Constraint::step::pilot_rod_assembly::step_01::c::effect_observed_pilot_condition::0_0::produces::step__pilot_rod_assembly__step_01_on_metal_rod_workbench,Constraint,"{""args"": [""step::pilot_rod_assembly::step_01"", ""on"", ""metal_rod"", ""workbench""], ""conf"": 1.0, ""confidence"": 1.0, ""constraint_id"": ""step::pilot_rod_assembly::step_01::c::effect_observed_pilot_condition::0_0::produces::step__pilot_rod_assembly__step_01_on_metal_rod_workbench"", ""display_label"": ""produces on(metal_rod, workbench) [observed]"", ""display_name"": ""produces on"", ""effect_lifecycle_status"": ""active"", ""kind"": ""expected_effect"", ""name"": ""produces"", ""rule_id"": ""effect_observed_pilot_condition"", ""short_id"": ""step::pilot_rod_assembly::step_01::c::effect_observed_pilot_condition::0_0::produces::step__pilot_rod_assembly__step_01_on_metal_rod_workbench"", ""support"": {""notes"": ""Constraint observed in the step."", ""type"": ""same_step_constraint""}, ""support_status"": ""observed""}"
Constraint::step::pilot_rod_assembly::step_02::c::effect_observed_pilot_condition::0_0::produces::step__pilot_rod_assembly__step_02_sleeves_on_sleeve_metal_rod,Constraint,"{""args"": [""step::pilot_rod_assembly::step_02"", ""sleeves_on"", ""sleeve"", ""metal_rod""], ""conf"": 1.0, ""confidence"": 1.0, ""constraint_id"": ""step::pilot_rod_assembly::step_02::c::effect_observed_pilot_condition::0_0::produces::step__pilot_rod_assembly__step_02_sleeves_on_sleeve_metal_rod"", ""display_label"": ""produces sleeves_on(sleeve, metal_rod) [observed]"", ""display_name"": ""produces sleeves_on"", ""effect_lifecycle_status"": ""active"", ""kind"": ""expected_effect"", ""name"": ""produces"", ""rule_id"": ""effect_observed_pilot_condition"", ""short_id"": ""step::pilot_rod_assembly::step_02::c::effect_observed_pilot_condition::0_0::produces::step__pilot_rod_assembly__step_02_sleeves_on_sleeve_metal_rod"", ""support"": {""notes"": ""Constraint observed in the step."", ""type"": ""same_step_constraint""}, ""support_status"": ""observed""}"
Constraint::step::pilot_rod_assembly::step_02::c::effect_observed_pilot_condition::1_0::produces::step__pilot_rod_assembly__step_02_oriented_copper_sleeve_right_side,Constraint,"{""args"": [""step::pilot_rod_assembly::step_02"", ""oriented"", ""copper_sleeve"", ""right_side""], ""conf"": 1.0, ""confidence"": 1.0, ""constraint_id"": ""step::pilot_rod_assembly::step_02::c::effect_observed_pilot_condition::1_0::produces::step__pilot_rod_assembly__step_02_oriented_copper_sleeve_right_side"", ""display_label"": ""produces oriented(copper_sleeve, right_side) [observed]"", ""display_name"": ""produces oriented"", ""effect_lifecycle_status"": ""active"", ""kind"": ""expected_effect"", ""name"": ""produces"", ""rule_id"": ""effect_observed_pilot_condition"", ""short_id"": ""step::pilot_rod_assembly::step_02::c::effect_observed_pilot_condition::1_0::produces::step__pilot_rod_assembly__step_02_oriented_copper_sleeve_right_side"", ""support"": {""notes"": ""Constraint observed in the step."", ""type"": ""same_step_constraint""}, ""support_status"": ""observed""}"
Constraint::step::pilot_rod_assembly::step_02::c::effect_observed_pilot_condition::2_0::produces::step__pilot_rod_assembly__step_02_count_verified_copper_sleeve_required_quantity,Constraint,"{""args"": [""step::pilot_rod_assembly::step_02"", ""count_verified"", ""copper_sleeve"", ""required_quantity_six""], ""conf"": 1.0, ""confidence"": 1.0, ""constraint_id"": ""step::pilot_rod_assembly::step_02::c::effect_observed_pilot_condition::2_0::produces::step__pilot_rod_assembly__step_02_count_verified_copper_sleeve_required_quantity"", ""display_label"": ""produces count_verified(copper_sleeve, required_quantity_six) [observed]"", ""display_name"": ""produces count_verified"", ""effect_lifecycle_status"": ""active"", ""kind"": ""expected_effect"", ""name"": ""produces"", ""rule_id"": ""effect_observed_pilot_condition"", ""short_id"": ""step::pilot_rod_assembly::step_02::c::effect_observed_pilot_condition::2_0::produces::step__pilot_rod_assembly__step_02_count_verified_copper_sleeve_required_quantity"", ""support"": {""notes"": ""Constraint observed in the step."", ""type"": ""same_step_constraint""}, ""support_status"": ""observed""}"
Constraint::step::pilot_rod_assembly::step_02::c::effect_observed_pilot_condition::3_0::produces::step__pilot_rod_assembly__step_02_count_verified_long_sleeve_required_quantity_f,Constraint,"{""args"": [""step::pilot_rod_assembly::step_02"", ""count_verified"", ""long_sleeve"", ""required_quantity_five""], ""conf"": 1.0, ""confidence"": 1.0, ""constraint_id"": ""step::pilot_rod_assembly::step_02::c::effect_observed_pilot_condition::3_0::produces::step__pilot_rod_assembly__step_02_count_verified_long_sleeve_required_quantity_f"", ""display_label"": ""produces count_verified(long_sleeve, required_quantity_five) [observed]"", ""display_name"": ""produces count_verified"", ""effect_lifecycle_status"": ""active"", ""kind"": ""expected_effect"", ""name"": ""produces"", ""rule_id"": ""effect_observed_pilot_condition"", ""short_id"": ""step::pilot_rod_assembly::step_02::c::effect_observed_pilot_condition::3_0::produces::step__pilot_rod_assembly__step_02_count_verified_long_sleeve_required_quantity_f"", ""support"": {""notes"": ""Constraint observed in the step."", ""type"": ""same_step_constraint""}, ""support_status"": ""observed""}"
Constraint::step::pilot_rod_assembly::step_02::c::precondition_required_pilot_condition::0_0::requires::step__pilot_rod_assembly__step_02_on_metal_rod_workbench,Constraint,"{""args"": [""step::pilot_rod_assembly::step_02"", ""on"", ""metal_rod"", ""workbench""], ""conf"": 1.0, ""confidence"": 1.0, ""constraint_id"": ""step::pilot_rod_assembly::step_02::c::precondition_required_pilot_condition::0_0::requires::step__pilot_rod_assembly__step_02_on_metal_rod_workbench"", ""display_label"": ""requires on(metal_rod, workbench) [supported]"", ""display_name"": ""requires on"", ""kind"": ""inferred_precondition"", ""name"": ""requires"", ""rule_id"": ""precondition_required_pilot_condition"", ""short_id"": ""step::pilot_rod_assembly::step_02::c::precondition_required_pilot_condition::0_0::requires::step__pilot_rod_assembly__step_02_on_metal_rod_workbench"", ""support"": {""notes"": ""Constraint observed in the step."", ""type"": ""same_step_constraint""}, ""support_status"": ""supported""}"
Constraint::step::pilot_rod_assembly::step_03::c::effect_observed_pilot_condition::0_0::produces::step__pilot_rod_assembly__step_03_inserted_in_o_ring_rod_holes,Constraint,"{""args"": [""step::pilot_rod_assembly::step_03"", ""inserted_in"", ""o_ring"", ""rod_holes""], ""conf"": 1.0, ""confidence"": 1.0, ""constraint_id"": ""step::pilot_rod_assembly::step_03::c::effect_observed_pilot_condition::0_0::produces::step__pilot_rod_assembly__step_03_inserted_in_o_ring_rod_holes"", ""display_label"": ""produces inserted_in(o_ring, rod_holes) [observed]"", ""display_name"": ""produces inserted_in"", ""effect_lifecycle_status"": ""active"", ""kind"": ""expected_effect"", ""name"": ""produces"", ""rule_id"": ""effect_observed_pilot_condition"", ""short_id"": ""step::pilot_rod_assembly::step_03::c::effect_observed_pilot_condition::0_0::produces::step__pilot_rod_assembly__step_03_inserted_in_o_ring_rod_holes"", ""support"": {""notes"": ""Constraint observed in the step."", ""type"": ""same_step_constraint""}, ""support_status"": ""observed""}"
Constraint::step::pilot_rod_assembly::step_03::c::effect_observed_pilot_condition::1_0::produces::step__pilot_rod_assembly__step_03_adjusted_over_sleeve_o_ring,Constraint,"{""args"": [""step::pilot_rod_assembly::step_03"", ""adjusted_over"", ""sleeve"", ""o_ring""], ""conf"": 1.0, ""confidence"": 1.0, ""constraint_id"": ""step::pilot_rod_assembly::step_03::c::effect_observed_pilot_condition::1_0::produces::step__pilot_rod_assembly__step_03_adjusted_over_sleeve_o_ring"", ""display_label"": ""produces adjusted_over(sleeve, o_ring) [observed]"", ""display_name"": ""produces adjusted_over"", ""effect_lifecycle_status"": ""active"", ""kind"": ""expected_effect"", ""name"": ""produces"", ""rule_id"": ""effect_observed_pilot_condition"", ""short_id"": ""step::pilot_rod_assembly::step_03::c::effect_observed_pilot_condition::1_0::produces::step__pilot_rod_assembly__step_03_adjusted_over_sleeve_o_ring"", ""support"": {""notes"": ""Constraint observed in the step."", ""type"": ""same_step_constraint""}, ""support_status"": ""observed""}"
Constraint::step::pilot_rod_assembly::step_03::c::precondition_required_pilot_condition::0_0::requires::step__pilot_rod_assembly__step_03_sleeves_on_sleeve_metal_rod,Constraint,"{""args"": [""step::pilot_rod_assembly::step_03"", ""sleeves_on"", ""sleeve"", ""metal_rod""], ""conf"": 1.0, ""confidence"": 1.0, ""constraint_id"": ""step::pilot_rod_assembly::step_03::c::precondition_required_pilot_condition::0_0::requires::step__pilot_rod_assembly__step_03_sleeves_on_sleeve_metal_rod"", ""display_label"": ""requires sleeves_on(sleeve, metal_rod) [supported]"", ""display_name"": ""requires sleeves_on"", ""kind"": ""inferred_precondition"", ""name"": ""requires"", ""rule_id"": ""precondition_required_pilot_condition"", ""short_id"": ""step::pilot_rod_assembly::step_03::c::precondition_required_pilot_condition::0_0::requires::step__pilot_rod_assembly__step_03_sleeves_on_sleeve_metal_rod"", ""support"": {""notes"": ""Constraint observed in the step."", ""type"": ""same_step_constraint""}, ""support_status"": ""supported""}"
Constraint::step::pilot_rod_assembly::step_04::c::effect_observed_pilot_condition::0_0::produces::step__pilot_rod_assembly__step_04_partially_inserted_in_screw_rod_holes,Constraint,"{""args"": [""step::pilot_rod_assembly::step_04"", ""partially_inserted_in"", ""screw"", ""rod_holes""], ""conf"": 1.0, ""confidence"": 1.0, ""constraint_id"": ""step::pilot_rod_assembly::step_04::c::effect_observed_pilot_condition::0_0::produces::step__pilot_rod_assembly__step_04_partially_inserted_in_screw_rod_holes"", ""display_label"": ""produces partially_inserted_in(screw, rod_holes) [observed]"", ""display_name"": ""produces partially_inserted_in"", ""effect_lifecycle_status"": ""active"", ""kind"": ""expected_effect"", ""name"": ""produces"", ""rule_id"": ""effect_observed_pilot_condition"", ""short_id"": ""step::pilot_rod_assembly::step_04::c::effect_observed_pilot_condition::0_0::produces::step__pilot_rod_assembly__step_04_partially_inserted_in_screw_rod_holes"", ""support"": {""notes"": ""Constraint observed in the step."", ""type"": ""same_step_constraint""}, ""support_status"": ""observed""}"
Constraint::step::pilot_rod_assembly::step_04::c::precondition_required_pilot_condition::0_0::requires::step__pilot_rod_assembly__step_04_inserted_in_o_ring_rod_holes,Constraint,"{""args"": [""step::pilot_rod_assembly::step_04"", ""inserted_in"", ""o_ring"", ""rod_holes""], ""conf"": 1.0, ""confidence"": 1.0, ""constraint_id"": ""step::pilot_rod_assembly::step_04::c::precondition_required_pilot_condition::0_0::requires::step__pilot_rod_assembly__step_04_inserted_in_o_ring_rod_holes"", ""display_label"": ""requires inserted_in(o_ring, rod_holes) [supported]"", ""display_name"": ""requires inserted_in"", ""kind"": ""inferred_precondition"", ""name"": ""requires"", ""rule_id"": ""precondition_required_pilot_condition"", ""short_id"": ""step::pilot_rod_assembly::step_04::c::precondition_required_pilot_condition::0_0::requires::step__pilot_rod_assembly__step_04_inserted_in_o_ring_rod_holes"", ""support"": {""notes"": ""Constraint observed in the step."", ""type"": ""same_step_constraint""}, ""support_status"": ""supported""}"
Constraint::step::pilot_rod_assembly::step_04::c::precondition_required_pilot_condition::1_0::requires::step__pilot_rod_assembly__step_04_adjusted_over_sleeve_o_ring,Constraint,"{""args"": [""step::pilot_rod_assembly::step_04"", ""adjusted_over"", ""sleeve"", ""o_ring""], ""conf"": 1.0, ""confidence"": 1.0, ""constraint_id"": ""step::pilot_rod_assembly::step_04::c::precondition_required_pilot_condition::1_0::requires::step__pilot_rod_assembly__step_04_adjusted_over_sleeve_o_ring"", ""display_label"": ""requires adjusted_over(sleeve, o_ring) [supported]"", ""display_name"": ""requires adjusted_over"", ""kind"": ""inferred_precondition"", ""name"": ""requires"", ""rule_id"": ""precondition_required_pilot_condition"", ""short_id"": ""step::pilot_rod_assembly::step_04::c::precondition_required_pilot_condition::1_0::requires::step__pilot_rod_assembly__step_04_adjusted_over_sleeve_o_ring"", ""support"": {""notes"": ""Constraint observed in the step."", ""type"": ""same_step_constraint""}, ""support_status"": ""supported""}"
Constraint::step::pilot_rod_assembly::step_04::c::tool_required_by_pilot_step::0_0::requirestool::step__pilot_rod_assembly__step_04_power_screwdriver,Constraint,"{""args"": [""step::pilot_rod_assembly::step_04"", ""power_screwdriver""], ""conf"": 1.0, ""confidence"": 1.0, ""constraint_id"": ""step::pilot_rod_assembly::step_04::c::tool_required_by_pilot_step::0_0::requirestool::step__pilot_rod_assembly__step_04_power_screwdriver"", ""display_label"": ""requires tool(power_screwdriver) [supported]"", ""display_name"": ""requires tool"", ""kind"": ""required_tool"", ""name"": ""requiresTool"", ""rule_id"": ""tool_required_by_pilot_step"", ""short_id"": ""step::pilot_rod_assembly::step_04::c::tool_required_by_pilot_step::0_0::requirestool::step__pilot_rod_assembly__step_04_power_screwdriver"", ""support"": {""notes"": ""Constraint observed in the step."", ""type"": ""same_step_constraint""}, ""support_status"": ""supported""}"
Constraint::step::pilot_rod_assembly::step_05::c::effect_observed_pilot_condition::0_0::produces::step__pilot_rod_assembly__step_05_applied_to_threadlocker_loctite_screw,Constraint,"{""args"": [""step::pilot_rod_assembly::step_05"", ""applied_to"", ""threadlocker_loctite"", ""screw""], ""conf"": 1.0, ""confidence"": 1.0, ""constraint_id"": ""step::pilot_rod_assembly::step_05::c::effect_observed_pilot_condition::0_0::produces::step__pilot_rod_assembly__step_05_applied_to_threadlocker_loctite_screw"", ""display_label"": ""produces applied_to(threadlocker_loctite, screw) [observed]"", ""display_name"": ""produces applied_to"", ""effect_lifecycle_status"": ""active"", ""kind"": ""expected_effect"", ""name"": ""produces"", ""rule_id"": ""effect_observed_pilot_condition"", ""short_id"": ""step::pilot_rod_assembly::step_05::c::effect_observed_pilot_condition::0_0::produces::step__pilot_rod_assembly__step_05_applied_to_threadlocker_loctite_screw"", ""support"": {""notes"": ""Constraint observed in the step."", ""type"": ""same_step_constraint""}, ""support_status"": ""observed""}"
Constraint::step::pilot_rod_assembly::step_05::c::precondition_required_pilot_condition::0_0::requires::step__pilot_rod_assembly__step_05_partially_inserted_in_screw_rod_holes,Constraint,"{""args"": [""step::pilot_rod_assembly::step_05"", ""partially_inserted_in"", ""screw"", ""rod_holes""], ""conf"": 1.0, ""confidence"": 1.0, ""constraint_id"": ""step::pilot_rod_assembly::step_05::c::precondition_required_pilot_condition::0_0::requires::step__pilot_rod_assembly__step_05_partially_inserted_in_screw_rod_holes"", ""display_label"": ""requires partially_inserted_in(screw, rod_holes) [supported]"", ""display_name"": ""requires partially_inserted_in"", ""kind"": ""inferred_precondition"", ""name"": ""requires"", ""rule_id"": ""precondition_required_pilot_condition"", ""short_id"": ""step::pilot_rod_assembly::step_05::c::precondition_required_pilot_condition::0_0::requires::step__pilot_rod_assembly__step_05_partially_inserted_in_screw_rod_holes"", ""support"": {""notes"": ""Constraint observed in the step."", ""type"": ""same_step_constraint""}, ""support_status"": ""supported""}"
Constraint::step::pilot_rod_assembly::step_06::c::effect_observed_pilot_condition::0_0::produces::step__pilot_rod_assembly__step_06_secured_to_sleeve_metal_rod,Constraint,"{""args"": [""step::pilot_rod_assembly::step_06"", ""secured_to"", ""sleeve"", ""metal_rod""], ""conf"": 1.0, ""confidence"": 1.0, ""constraint_id"": ""step::pilot_rod_assembly::step_06::c::effect_observed_pilot_condition::0_0::produces::step__pilot_rod_assembly__step_06_secured_to_sleeve_metal_rod"", ""display_label"": ""produces secured_to(sleeve, metal_rod) [observed]"", ""display_name"": ""produces secured_to"", ""effect_lifecycle_status"": ""active"", ""kind"": ""expected_effect"", ""name"": ""produces"", ""rule_id"": ""effect_observed_pilot_condition"", ""short_id"": ""step::pilot_rod_assembly::step_06::c::effect_observed_pilot_condition::0_0::produces::step__pilot_rod_assembly__step_06_secured_to_sleeve_metal_rod"", ""support"": {""notes"": ""Constraint observed in the step."", ""type"": ""same_step_constraint""}, ""support_status"": ""observed""}"
Constraint::step::pilot_rod_assembly::step_06::c::effect_observed_pilot_condition::1_0::produces::step__pilot_rod_assembly__step_06_flush_with_screw_sleeve,Constraint,"{""args"": [""step::pilot_rod_assembly::step_06"", ""flush_with"", ""screw"", ""sleeve""], ""conf"": 1.0, ""confidence"": 1.0, ""constraint_id"": ""step::pilot_rod_assembly::step_06::c::effect_observed_pilot_condition::1_0::produces::step__pilot_rod_assembly__step_06_flush_with_screw_sleeve"", ""display_label"": ""produces flush_with(screw, sleeve) [observed]"", ""display_name"": ""produces flush_with"", ""effect_lifecycle_status"": ""active"", ""kind"": ""expected_effect"", ""name"": ""produces"", ""rule_id"": ""effect_observed_pilot_condition"", ""short_id"": ""step::pilot_rod_assembly::step_06::c::effect_observed_pilot_condition::1_0::produces::step__pilot_rod_assembly__step_06_flush_with_screw_sleeve"", ""support"": {""notes"": ""Constraint observed in the step."", ""type"": ""same_step_constraint""}, ""support_status"": ""observed""}"
Constraint::step::pilot_rod_assembly::step_06::c::precondition_required_pilot_condition::0_0::requires::step__pilot_rod_assembly__step_06_applied_to_threadlocker_loctite_screw,Constraint,"{""args"": [""step::pilot_rod_assembly::step_06"", ""applied_to"", ""threadlocker_loctite"", ""screw""], ""conf"": 1.0, ""confidence"": 1.0, ""constraint_id"": ""step::pilot_rod_assembly::step_06::c::precondition_required_pilot_condition::0_0::requires::step__pilot_rod_assembly__step_06_applied_to_threadlocker_loctite_screw"", ""display_label"": ""requires applied_to(threadlocker_loctite, screw) [supported]"", ""display_name"": ""requires applied_to"", ""kind"": ""inferred_precondition"", ""name"": ""requires"", ""rule_id"": ""precondition_required_pilot_condition"", ""short_id"": ""step::pilot_rod_assembly::step_06::c::precondition_required_pilot_condition::0_0::requires::step__pilot_rod_assembly__step_06_applied_to_threadlocker_loctite_screw"", ""support"": {""notes"": ""Constraint observed in the step."", ""type"": ""same_step_constraint""}, ""support_status"": ""supported""}"
Constraint::step::pilot_rod_assembly::step_06::c::precondition_required_pilot_condition::1_0::requires::step__pilot_rod_assembly__step_06_partially_inserted_in_screw_rod_holes,Constraint,"{""args"": [""step::pilot_rod_assembly::step_06"", ""partially_inserted_in"", ""screw"", ""rod_holes""], ""conf"": 1.0, ""confidence"": 1.0, ""constraint_id"": ""step::pilot_rod_assembly::step_06::c::precondition_required_pilot_condition::1_0::requires::step__pilot_rod_assembly__step_06_partially_inserted_in_screw_rod_holes"", ""display_label"": ""requires partially_inserted_in(screw, rod_holes) [supported]"", ""display_name"": ""requires partially_inserted_in"", ""kind"": ""inferred_precondition"", ""name"": ""requires"", ""rule_id"": ""precondition_required_pilot_condition"", ""short_id"": ""step::pilot_rod_assembly::step_06::c::precondition_required_pilot_condition::1_0::requires::step__pilot_rod_assembly__step_06_partially_inserted_in_screw_rod_holes"", ""support"": {""notes"": ""Constraint observed in the step."", ""type"": ""same_step_constraint""}, ""support_status"": ""supported""}"
Constraint::step::pilot_rod_assembly::step_06::c::tool_required_by_pilot_step::0_0::requirestool::step__pilot_rod_assembly__step_06_power_screwdriver,Constraint,"{""args"": [""step::pilot_rod_assembly::step_06"", ""power_screwdriver""], ""conf"": 1.0, ""confidence"": 1.0, ""constraint_id"": ""step::pilot_rod_assembly::step_06::c::tool_required_by_pilot_step::0_0::requirestool::step__pilot_rod_assembly__step_06_power_screwdriver"", ""display_label"": ""requires tool(power_screwdriver) [supported]"", ""display_name"": ""requires tool"", ""kind"": ""required_tool"", ""name"": ""requiresTool"", ""rule_id"": ""tool_required_by_pilot_step"", ""short_id"": ""step::pilot_rod_assembly::step_06::c::tool_required_by_pilot_step::0_0::requirestool::step__pilot_rod_assembly__step_06_power_screwdriver"", ""support"": {""notes"": ""Constraint observed in the step."", ""type"": ""same_step_constraint""}, ""support_status"": ""supported""}"
Constraint::step::pilot_rod_assembly::step_07::c::effect_observed_pilot_condition::0_0::produces::step__pilot_rod_assembly__step_07_cleaned_with_rod_assembly_ethanol,Constraint,"{""args"": [""step::pilot_rod_assembly::step_07"", ""cleaned_with"", ""rod_assembly"", ""ethanol""], ""conf"": 1.0, ""confidence"": 1.0, ""constraint_id"": ""step::pilot_rod_assembly::step_07::c::effect_observed_pilot_condition::0_0::produces::step__pilot_rod_assembly__step_07_cleaned_with_rod_assembly_ethanol"", ""display_label"": ""produces cleaned_with(rod_assembly, ethanol) [observed]"", ""display_name"": ""produces cleaned_with"", ""effect_lifecycle_status"": ""active"", ""kind"": ""expected_effect"", ""name"": ""produces"", ""rule_id"": ""effect_observed_pilot_condition"", ""short_id"": ""step::pilot_rod_assembly::step_07::c::effect_observed_pilot_condition::0_0::produces::step__pilot_rod_assembly__step_07_cleaned_with_rod_assembly_ethanol"", ""support"": {""notes"": ""Constraint observed in the step."", ""type"": ""same_step_constraint""}, ""support_status"": ""observed""}"
Constraint::step::pilot_rod_assembly::step_07::c::effect_observed_pilot_condition::1_0::produces::step__pilot_rod_assembly__step_07_avoided_contact_with_copper_sleeve_paper,Constraint,"{""args"": [""step::pilot_rod_assembly::step_07"", ""avoided_contact_with"", ""copper_sleeve"", ""paper""], ""conf"": 1.0, ""confidence"": 1.0, ""constraint_id"": ""step::pilot_rod_assembly::step_07::c::effect_observed_pilot_condition::1_0::produces::step__pilot_rod_assembly__step_07_avoided_contact_with_copper_sleeve_paper"", ""display_label"": ""produces avoided_contact_with(copper_sleeve, paper) [observed]"", ""display_name"": ""produces avoided_contact_with"", ""effect_lifecycle_status"": ""active"", ""kind"": ""expected_effect"", ""name"": ""produces"", ""rule_id"": ""effect_observed_pilot_condition"", ""short_id"": ""step::pilot_rod_assembly::step_07::c::effect_observed_pilot_condition::1_0::produces::step__pilot_rod_assembly__step_07_avoided_contact_with_copper_sleeve_paper"", ""support"": {""notes"": ""Constraint observed in the step."", ""type"": ""same_step_constraint""}, ""support_status"": ""observed""}"
Constraint::step::pilot_rod_assembly::step_07::c::precondition_required_pilot_condition::0_0::requires::step__pilot_rod_assembly__step_07_secured_to_sleeve_metal_rod,Constraint,"{""args"": [""step::pilot_rod_assembly::step_07"", ""secured_to"", ""sleeve"", ""metal_rod""], ""conf"": 1.0, ""confidence"": 1.0, ""constraint_id"": ""step::pilot_rod_assembly::step_07::c::precondition_required_pilot_condition::0_0::requires::step__pilot_rod_assembly__step_07_secured_to_sleeve_metal_rod"", ""display_label"": ""requires secured_to(sleeve, metal_rod) [supported]"", ""display_name"": ""requires secured_to"", ""kind"": ""inferred_precondition"", ""name"": ""requires"", ""rule_id"": ""precondition_required_pilot_condition"", ""short_id"": ""step::pilot_rod_assembly::step_07::c::precondition_required_pilot_condition::0_0::requires::step__pilot_rod_assembly__step_07_secured_to_sleeve_metal_rod"", ""support"": {""notes"": ""Constraint observed in the step."", ""type"": ""same_step_constraint""}, ""support_status"": ""supported""}"
Constraint::step::pilot_rod_assembly::step_08::c::effect_observed_pilot_condition::0_0::produces::step__pilot_rod_assembly__step_08_lubricated_with_silver_sleeve_grease,Constraint,"{""args"": [""step::pilot_rod_assembly::step_08"", ""lubricated_with"", ""silver_sleeve"", ""grease""], ""conf"": 1.0, ""confidence"": 1.0, ""constraint_id"": ""step::pilot_rod_assembly::step_08::c::effect_observed_pilot_condition::0_0::produces::step__pilot_rod_assembly__step_08_lubricated_with_silver_sleeve_grease"", ""display_label"": ""produces lubricated_with(silver_sleeve, grease) [observed]"", ""display_name"": ""produces lubricated_with"", ""effect_lifecycle_status"": ""active"", ""kind"": ""expected_effect"", ""name"": ""produces"", ""rule_id"": ""effect_observed_pilot_condition"", ""short_id"": ""step::pilot_rod_assembly::step_08::c::effect_observed_pilot_condition::0_0::produces::step__pilot_rod_assembly__step_08_lubricated_with_silver_sleeve_grease"", ""support"": {""notes"": ""Constraint observed in the step."", ""type"": ""same_step_constraint""}, ""support_status"": ""observed""}"
Constraint::step::pilot_rod_assembly::step_08::c::effect_observed_pilot_condition::1_0::produces::step__pilot_rod_assembly__step_08_avoided_contact_with_copper_sleeve_grease,Constraint,"{""args"": [""step::pilot_rod_assembly::step_08"", ""avoided_contact_with"", ""copper_sleeve"", ""grease""], ""conf"": 1.0, ""confidence"": 1.0, ""constraint_id"": ""step::pilot_rod_assembly::step_08::c::effect_observed_pilot_condition::1_0::produces::step__pilot_rod_assembly__step_08_avoided_contact_with_copper_sleeve_grease"", ""display_label"": ""produces avoided_contact_with(copper_sleeve, grease) [observed]"", ""display_name"": ""produces avoided_contact_with"", ""effect_lifecycle_status"": ""active"", ""kind"": ""expected_effect"", ""name"": ""produces"", ""rule_id"": ""effect_observed_pilot_condition"", ""short_id"": ""step::pilot_rod_assembly::step_08::c::effect_observed_pilot_condition::1_0::produces::step__pilot_rod_assembly__step_08_avoided_contact_with_copper_sleeve_grease"", ""support"": {""notes"": ""Constraint observed in the step."", ""type"": ""same_step_constraint""}, ""support_status"": ""observed""}"
Constraint::step::pilot_rod_assembly::step_08::c::precondition_required_pilot_condition::0_0::requires::step__pilot_rod_assembly__step_08_cleaned_with_rod_assembly_ethanol,Constraint,"{""args"": [""step::pilot_rod_assembly::step_08"", ""cleaned_with"", ""rod_assembly"", ""ethanol""], ""conf"": 1.0, ""confidence"": 1.0, ""constraint_id"": ""step::pilot_rod_assembly::step_08::c::precondition_required_pilot_condition::0_0::requires::step__pilot_rod_assembly__step_08_cleaned_with_rod_assembly_ethanol"", ""display_label"": ""requires cleaned_with(rod_assembly, ethanol) [supported]"", ""display_name"": ""requires cleaned_with"", ""kind"": ""inferred_precondition"", ""name"": ""requires"", ""rule_id"": ""precondition_required_pilot_condition"", ""short_id"": ""step::pilot_rod_assembly::step_08::c::precondition_required_pilot_condition::0_0::requires::step__pilot_rod_assembly__step_08_cleaned_with_rod_assembly_ethanol"", ""support"": {""notes"": ""Constraint observed in the step."", ""type"": ""same_step_constraint""}, ""support_status"": ""supported""}"
Constraint::step::pilot_rod_assembly::step_08::c::precondition_required_pilot_condition::1_0::requires::step__pilot_rod_assembly__step_08_secured_to_sleeve_metal_rod,Constraint,"{""args"": [""step::pilot_rod_assembly::step_08"", ""secured_to"", ""sleeve"", ""metal_rod""], ""conf"": 1.0, ""confidence"": 1.0, ""constraint_id"": ""step::pilot_rod_assembly::step_08::c::precondition_required_pilot_condition::1_0::requires::step__pilot_rod_assembly__step_08_secured_to_sleeve_metal_rod"", ""display_label"": ""requires secured_to(sleeve, metal_rod) [supported]"", ""display_name"": ""requires secured_to"", ""kind"": ""inferred_precondition"", ""name"": ""requires"", ""rule_id"": ""precondition_required_pilot_condition"", ""short_id"": ""step::pilot_rod_assembly::step_08::c::precondition_required_pilot_condition::1_0::requires::step__pilot_rod_assembly__step_08_secured_to_sleeve_metal_rod"", ""support"": {""notes"": ""Constraint observed in the step."", ""type"": ""same_step_constraint""}, ""support_status"": ""supported""}"
Entity::copper_sleeve,Entity,"{""display_label"": ""copper_sleeve"", ""display_name"": ""copper_sleeve"", ""entity_id"": ""copper_sleeve"", ""short_id"": ""copper_sleeve""}"
Entity::ethanol,Entity,"{""display_label"": ""ethanol"", ""display_name"": ""ethanol"", ""entity_id"": ""ethanol"", ""short_id"": ""ethanol""}"
Entity::grease,Entity,"{""display_label"": ""grease"", ""display_name"": ""grease"", ""entity_id"": ""grease"", ""short_id"": ""grease""}"
Entity::long_sleeve,Entity,"{""display_label"": ""long_sleeve"", ""display_name"": ""long_sleeve"", ""entity_id"": ""long_sleeve"", ""short_id"": ""long_sleeve""}"
Entity::metal_rod,Entity,"{""display_label"": ""metal_rod"", ""display_name"": ""metal_rod"", ""entity_id"": ""metal_rod"", ""short_id"": ""metal_rod""}"
Entity::o_ring,Entity,"{""display_label"": ""o_ring"", ""display_name"": ""o_ring"", ""entity_id"": ""o_ring"", ""short_id"": ""o_ring""}"
Entity::paper,Entity,"{""display_label"": ""paper"", ""display_name"": ""paper"", ""entity_id"": ""paper"", ""short_id"": ""paper""}"
Entity::power_screwdriver,Entity,"{""display_label"": ""power_screwdriver"", ""display_name"": ""power_screwdriver"", ""entity_id"": ""power_screwdriver"", ""short_id"": ""power_screwdriver""}"
Entity::required_quantity_five,Entity,"{""display_label"": ""required_quantity_five"", ""display_name"": ""required_quantity_five"", ""entity_id"": ""required_quantity_five"", ""short_id"": ""required_quantity_five""}"
Entity::required_quantity_six,Entity,"{""display_label"": ""required_quantity_six"", ""display_name"": ""required_quantity_six"", ""entity_id"": ""required_quantity_six"", ""short_id"": ""required_quantity_six""}"
Entity::right_side,Entity,"{""display_label"": ""right_side"", ""display_name"": ""right_side"", ""entity_id"": ""right_side"", ""short_id"": ""right_side""}"
Entity::rod_assembly,Entity,"{""display_label"": ""rod_assembly"", ""display_name"": ""rod_assembly"", ""entity_id"": ""rod_assembly"", ""short_id"": ""rod_assembly""}"
Entity::rod_holes,Entity,"{""display_label"": ""rod_holes"", ""display_name"": ""rod_holes"", ""entity_id"": ""rod_holes"", ""entity_type"": [""RodHole""], ""short_id"": ""rod_holes""}"
Entity::screw,Entity,"{""display_label"": ""screw"", ""display_name"": ""screw"", ""entity_id"": ""screw"", ""short_id"": ""screw""}"
Entity::short_sleeve,Entity,"{""display_label"": ""short_sleeve"", ""display_name"": ""short_sleeve"", ""entity_id"": ""short_sleeve"", ""short_id"": ""short_sleeve""}"
Entity::silver_sleeve,Entity,"{""display_label"": ""silver_sleeve"", ""display_name"": ""silver_sleeve"", ""entity_id"": ""silver_sleeve"", ""short_id"": ""silver_sleeve""}"
Entity::sleeve,Entity,"{""display_label"": ""sleeve"", ""display_name"": ""sleeve"", ""entity_id"": ""sleeve"", ""short_id"": ""sleeve""}"
Entity::sponge,Entity,"{""display_label"": ""sponge"", ""display_name"": ""sponge"", ""entity_id"": ""sponge"", ""short_id"": ""sponge""}"
Entity::threadlocker_loctite,Entity,"{""display_label"": ""threadlocker_loctite"", ""display_name"": ""threadlocker_loctite"", ""entity_id"": ""threadlocker_loctite"", ""short_id"": ""threadlocker_loctite""}"
Entity::workbench,Entity,"{""display_label"": ""workbench"", ""display_name"": ""workbench"", ""entity_id"": ""workbench"", ""short_id"": ""workbench""}"
Predicate::pred::pilot::s01::action,Predicate,"{""args"": [""step::pilot_rod_assembly::step_01"", ""place""], ""conf"": 1.0, ""confidence"": 1.0, ""display_label"": ""hasAction(step_01, place)"", ""display_name"": ""hasAction"", ""name"": ""hasAction"", ""predicate_id"": ""pred::pilot::s01::action"", ""short_id"": ""pred::pilot::s01::action"", ""source"": {""file"": ""Pilot/rod_assembly_steps.json"", ""type"": ""manual_symbolic_annotation""}}"
Predicate::pred::pilot::s01::effect::on,Predicate,"{""args"": [""step::pilot_rod_assembly::step_01"", ""on"", ""metal_rod"", ""workbench""], ""conf"": 1.0, ""confidence"": 1.0, ""display_label"": ""hasObservedEffect(step_01, on, metal_rod, workbench)"", ""display_name"": ""hasObservedEffect"", ""name"": ""hasObservedEffect"", ""predicate_id"": ""pred::pilot::s01::effect::on"", ""short_id"": ""pred::pilot::s01::effect::on"", ""source"": {""file"": ""Pilot/rod_assembly_steps.json"", ""type"": ""manual_symbolic_annotation""}}"
Predicate::pred::pilot::s01::object::metal_rod,Predicate,"{""args"": [""step::pilot_rod_assembly::step_01"", ""metal_rod""], ""conf"": 1.0, ""confidence"": 1.0, ""display_label"": ""usesObject(step_01, metal_rod)"", ""display_name"": ""usesObject"", ""name"": ""usesObject"", ""predicate_id"": ""pred::pilot::s01::object::metal_rod"", ""short_id"": ""pred::pilot::s01::object::metal_rod"", ""source"": {""file"": ""Pilot/rod_assembly_steps.json"", ""type"": ""manual_symbolic_annotation""}}"
Predicate::pred::pilot::s01::object::workbench,Predicate,"{""args"": [""step::pilot_rod_assembly::step_01"", ""workbench""], ""conf"": 1.0, ""confidence"": 1.0, ""display_label"": ""usesObject(step_01, workbench)"", ""display_name"": ""usesObject"", ""name"": ""usesObject"", ""predicate_id"": ""pred::pilot::s01::object::workbench"", ""short_id"": ""pred::pilot::s01::object::workbench"", ""source"": {""file"": ""Pilot/rod_assembly_steps.json"", ""type"": ""manual_symbolic_annotation""}}"
Predicate::pred::pilot::s01::time,Predicate,"{""args"": [""step::pilot_rod_assembly::step_01"", 0, 15], ""conf"": 1.0, ""confidence"": 1.0, ""display_label"": ""hasTimeWindow(step_01, 0, 15)"", ""display_name"": ""hasTimeWindow"", ""name"": ""hasTimeWindow"", ""predicate_id"": ""pred::pilot::s01::time"", ""short_id"": ""pred::pilot::s01::time"", ""source"": {""file"": ""Pilot/rod_assembly_steps.json"", ""type"": ""manual_symbolic_annotation""}}"
Predicate::pred::pilot::s02::action,Predicate,"{""args"": [""step::pilot_rod_assembly::step_02"", ""slide""], ""conf"": 1.0, ""confidence"": 1.0, ""display_label"": ""hasAction(step_02, slide)"", ""display_name"": ""hasAction"", ""name"": ""hasAction"", ""predicate_id"": ""pred::pilot::s02::action"", ""short_id"": ""pred::pilot::s02::action"", ""source"": {""file"": ""Pilot/rod_assembly_steps.json"", ""type"": ""manual_symbolic_annotation""}}"
Predicate::pred::pilot::s02::effect::copper_count,Predicate,"{""args"": [""step::pilot_rod_assembly::step_02"", ""count_verified"", ""copper_sleeve"", ""required_quantity_six""], ""conf"": 1.0, ""confidence"": 1.0, ""display_label"": ""hasObservedEffect(step_02, count_verified, copper_sleeve, required_quantity_six)"", ""display_name"": ""hasObservedEffect"", ""name"": ""hasObservedEffect"", ""predicate_id"": ""pred::pilot::s02::effect::copper_count"", ""short_id"": ""pred::pilot::s02::effect::copper_count"", ""source"": {""file"": ""Pilot/rod_assembly_steps.json"", ""type"": ""manual_symbolic_annotation""}}"
Predicate::pred::pilot::s02::effect::copper_oriented,Predicate,"{""args"": [""step::pilot_rod_assembly::step_02"", ""oriented"", ""copper_sleeve"", ""right_side""], ""conf"": 1.0, ""confidence"": 1.0, ""display_label"": ""hasObservedEffect(step_02, oriented, copper_sleeve, right_side)"", ""display_name"": ""hasObservedEffect"", ""name"": ""hasObservedEffect"", ""predicate_id"": ""pred::pilot::s02::effect::copper_oriented"", ""short_id"": ""pred::pilot::s02::effect::copper_oriented"", ""source"": {""file"": ""Pilot/rod_assembly_steps.json"", ""type"": ""manual_symbolic_annotation""}}"
Predicate::pred::pilot::s02::effect::long_count,Predicate,"{""args"": [""step::pilot_rod_assembly::step_02"", ""count_verified"", ""long_sleeve"", ""required_quantity_five""], ""conf"": 1.0, ""confidence"": 1.0, ""display_label"": ""hasObservedEffect(step_02, count_verified, long_sleeve, required_quantity_five)"", ""display_name"": ""hasObservedEffect"", ""name"": ""hasObservedEffect"", ""predicate_id"": ""pred::pilot::s02::effect::long_count"", ""short_id"": ""pred::pilot::s02::effect::long_count"", ""source"": {""file"": ""Pilot/rod_assembly_steps.json"", ""type"": ""manual_symbolic_annotation""}}"
Predicate::pred::pilot::s02::effect::sleeves_on,Predicate,"{""args"": [""step::pilot_rod_assembly::step_02"", ""sleeves_on"", ""sleeve"", ""metal_rod""], ""conf"": 1.0, ""confidence"": 1.0, ""display_label"": ""hasObservedEffect(step_02, sleeves_on, sleeve, metal_rod)"", ""display_name"": ""hasObservedEffect"", ""name"": ""hasObservedEffect"", ""predicate_id"": ""pred::pilot::s02::effect::sleeves_on"", ""short_id"": ""pred::pilot::s02::effect::sleeves_on"", ""source"": {""file"": ""Pilot/rod_assembly_steps.json"", ""type"": ""manual_symbolic_annotation""}}"
Predicate::pred::pilot::s02::object::copper_sleeve,Predicate,"{""args"": [""step::pilot_rod_assembly::step_02"", ""copper_sleeve""], ""conf"": 1.0, ""confidence"": 1.0, ""display_label"": ""usesObject(step_02, copper_sleeve)"", ""display_name"": ""usesObject"", ""name"": ""usesObject"", ""predicate_id"": ""pred::pilot::s02::object::copper_sleeve"", ""short_id"": ""pred::pilot::s02::object::copper_sleeve"", ""source"": {""file"": ""Pilot/rod_assembly_steps.json"", ""type"": ""manual_symbolic_annotation""}}"
Predicate::pred::pilot::s02::object::long_sleeve,Predicate,"{""args"": [""step::pilot_rod_assembly::step_02"", ""long_sleeve""], ""conf"": 1.0, ""confidence"": 1.0, ""display_label"": ""usesObject(step_02, long_sleeve)"", ""display_name"": ""usesObject"", ""name"": ""usesObject"", ""predicate_id"": ""pred::pilot::s02::object::long_sleeve"", ""short_id"": ""pred::pilot::s02::object::long_sleeve"", ""source"": {""file"": ""Pilot/rod_assembly_steps.json"", ""type"": ""manual_symbolic_annotation""}}"
Predicate::pred::pilot::s02::object::metal_rod,Predicate,"{""args"": [""step::pilot_rod_assembly::step_02"", ""metal_rod""], ""conf"": 1.0, ""confidence"": 1.0, ""display_label"": ""usesObject(step_02, metal_rod)"", ""display_name"": ""usesObject"", ""name"": ""usesObject"", ""predicate_id"": ""pred::pilot::s02::object::metal_rod"", ""short_id"": ""pred::pilot::s02::object::metal_rod"", ""source"": {""file"": ""Pilot/rod_assembly_steps.json"", ""type"": ""manual_symbolic_annotation""}}"
Predicate::pred::pilot::s02::object::short_sleeve,Predicate,"{""args"": [""step::pilot_rod_assembly::step_02"", ""short_sleeve""], ""conf"": 1.0, ""confidence"": 1.0, ""display_label"": ""usesObject(step_02, short_sleeve)"", ""display_name"": ""usesObject"", ""name"": ""usesObject"", ""predicate_id"": ""pred::pilot::s02::object::short_sleeve"", ""short_id"": ""pred::pilot::s02::object::short_sleeve"", ""source"": {""file"": ""Pilot/rod_assembly_steps.json"", ""type"": ""manual_symbolic_annotation""}}"
Predicate::pred::pilot::s02::object::sleeve,Predicate,"{""args"": [""step::pilot_rod_assembly::step_02"", ""sleeve""], ""conf"": 1.0, ""confidence"": 1.0, ""display_label"": ""usesObject(step_02, sleeve)"", ""display_name"": ""usesObject"", ""name"": ""usesObject"", ""predicate_id"": ""pred::pilot::s02::object::sleeve"", ""short_id"": ""pred::pilot::s02::object::sleeve"", ""source"": {""file"": ""Pilot/rod_assembly_steps.json"", ""type"": ""manual_symbolic_annotation""}}"
Predicate::pred::pilot::s02::requires::on_rod_workbench,Predicate,"{""args"": [""step::pilot_rod_assembly::step_02"", ""on"", ""metal_rod"", ""workbench""], ""conf"": 1.0, ""confidence"": 1.0, ""display_label"": ""hasRequiredCondition(step_02, on, metal_rod, workbench)"", ""display_name"": ""hasRequiredCondition"", ""name"": ""hasRequiredCondition"", ""predicate_id"": ""pred::pilot::s02::requires::on_rod_workbench"", ""short_id"": ""pred::pilot::s02::requires::on_rod_workbench"", ""source"": {""file"": ""Pilot/rod_assembly_steps.json"", ""type"": ""manual_symbolic_annotation""}}"
Predicate::pred::pilot::s02::time,Predicate,"{""args"": [""step::pilot_rod_assembly::step_02"", 15, 89], ""conf"": 1.0, ""confidence"": 1.0, ""display_label"": ""hasTimeWindow(step_02, 15, 89)"", ""display_name"": ""hasTimeWindow"", ""name"": ""hasTimeWindow"", ""predicate_id"": ""pred::pilot::s02::time"", ""short_id"": ""pred::pilot::s02::time"", ""source"": {""file"": ""Pilot/rod_assembly_steps.json"", ""type"": ""manual_symbolic_annotation""}}"
Predicate::pred::pilot::s03::action,Predicate,"{""args"": [""step::pilot_rod_assembly::step_03"", ""place""], ""conf"": 1.0, ""confidence"": 1.0, ""display_label"": ""hasAction(step_03, place)"", ""display_name"": ""hasAction"", ""name"": ""hasAction"", ""predicate_id"": ""pred::pilot::s03::action"", ""short_id"": ""pred::pilot::s03::action"", ""source"": {""file"": ""Pilot/rod_assembly_steps.json"", ""type"": ""manual_symbolic_annotation""}}"
Predicate::pred::pilot::s03::effect::oring_inserted,Predicate,"{""args"": [""step::pilot_rod_assembly::step_03"", ""inserted_in"", ""o_ring"", ""rod_holes""], ""conf"": 1.0, ""confidence"": 1.0, ""display_label"": ""hasObservedEffect(step_03, inserted_in, o_ring, rod_holes)"", ""display_name"": ""hasObservedEffect"", ""name"": ""hasObservedEffect"", ""predicate_id"": ""pred::pilot::s03::effect::oring_inserted"", ""short_id"": ""pred::pilot::s03::effect::oring_inserted"", ""source"": {""file"": ""Pilot/rod_assembly_steps.json"", ""type"": ""manual_symbolic_annotation""}}"
Predicate::pred::pilot::s03::effect::sleeves_adjusted,Predicate,"{""args"": [""step::pilot_rod_assembly::step_03"", ""adjusted_over"", ""sleeve"", ""o_ring""], ""conf"": 1.0, ""confidence"": 1.0, ""display_label"": ""hasObservedEffect(step_03, adjusted_over, sleeve, o_ring)"", ""display_name"": ""hasObservedEffect"", ""name"": ""hasObservedEffect"", ""predicate_id"": ""pred::pilot::s03::effect::sleeves_adjusted"", ""short_id"": ""pred::pilot::s03::effect::sleeves_adjusted"", ""source"": {""file"": ""Pilot/rod_assembly_steps.json"", ""type"": ""manual_symbolic_annotation""}}"
Predicate::pred::pilot::s03::object::o_ring,Predicate,"{""args"": [""step::pilot_rod_assembly::step_03"", ""o_ring""], ""conf"": 1.0, ""confidence"": 1.0, ""display_label"": ""usesObject(step_03, o_ring)"", ""display_name"": ""usesObject"", ""name"": ""usesObject"", ""predicate_id"": ""pred::pilot::s03::object::o_ring"", ""short_id"": ""pred::pilot::s03::object::o_ring"", ""source"": {""file"": ""Pilot/rod_assembly_steps.json"", ""type"": ""manual_symbolic_annotation""}}"
Predicate::pred::pilot::s03::object::sleeve,Predicate,"{""args"": [""step::pilot_rod_assembly::step_03"", ""sleeve""], ""conf"": 1.0, ""confidence"": 1.0, ""display_label"": ""usesObject(step_03, sleeve)"", ""display_name"": ""usesObject"", ""name"": ""usesObject"", ""predicate_id"": ""pred::pilot::s03::object::sleeve"", ""short_id"": ""pred::pilot::s03::object::sleeve"", ""source"": {""file"": ""Pilot/rod_assembly_steps.json"", ""type"": ""manual_symbolic_annotation""}}"
Predicate::pred::pilot::s03::parent::rod_holes,Predicate,"{""args"": [""rod_holes"", ""metal_rod""], ""conf"": 1.0, ""confidence"": 1.0, ""display_label"": ""hasParentComponent(rod_holes, metal_rod)"", ""display_name"": ""hasParentComponent"", ""name"": ""hasParentComponent"", ""predicate_id"": ""pred::pilot::s03::parent::rod_holes"", ""short_id"": ""pred::pilot::s03::parent::rod_holes"", ""source"": {""file"": ""Pilot/domain_config_pilot.yaml"", ""type"": ""pilot_domain_config""}}"
Predicate::pred::pilot::s03::requires::sleeves_on,Predicate,"{""args"": [""step::pilot_rod_assembly::step_03"", ""sleeves_on"", ""sleeve"", ""metal_rod""], ""conf"": 1.0, ""confidence"": 1.0, ""display_label"": ""hasRequiredCondition(step_03, sleeves_on, sleeve, metal_rod)"", ""display_name"": ""hasRequiredCondition"", ""name"": ""hasRequiredCondition"", ""predicate_id"": ""pred::pilot::s03::requires::sleeves_on"", ""short_id"": ""pred::pilot::s03::requires::sleeves_on"", ""source"": {""file"": ""Pilot/rod_assembly_steps.json"", ""type"": ""manual_symbolic_annotation""}}"
Predicate::pred::pilot::s03::time,Predicate,"{""args"": [""step::pilot_rod_assembly::step_03"", 89, 196], ""conf"": 1.0, ""confidence"": 1.0, ""display_label"": ""hasTimeWindow(step_03, 89, 196)"", ""display_name"": ""hasTimeWindow"", ""name"": ""hasTimeWindow"", ""predicate_id"": ""pred::pilot::s03::time"", ""short_id"": ""pred::pilot::s03::time"", ""source"": {""file"": ""Pilot/rod_assembly_steps.json"", ""type"": ""manual_symbolic_annotation""}}"
Predicate::pred::pilot::s03::type::rod_holes,Predicate,"{""args"": [""rod_holes"", ""RodHole""], ""conf"": 1.0, ""confidence"": 1.0, ""display_label"": ""isA(rod_holes, RodHole)"", ""display_name"": ""isA"", ""name"": ""isA"", ""predicate_id"": ""pred::pilot::s03::type::rod_holes"", ""short_id"": ""pred::pilot::s03::type::rod_holes"", ""source"": {""file"": ""Pilot/domain_config_pilot.yaml"", ""type"": ""pilot_domain_config""}}"
Predicate::pred::pilot::s04::action,Predicate,"{""args"": [""step::pilot_rod_assembly::step_04"", ""drive""], ""conf"": 1.0, ""confidence"": 1.0, ""display_label"": ""hasAction(step_04, drive)"", ""display_name"": ""hasAction"", ""name"": ""hasAction"", ""predicate_id"": ""pred::pilot::s04::action"", ""short_id"": ""pred::pilot::s04::action"", ""source"": {""file"": ""Pilot/rod_assembly_steps.json"", ""type"": ""manual_symbolic_annotation""}}"
Predicate::pred::pilot::s04::effect::partially_inserted,Predicate,"{""args"": [""step::pilot_rod_assembly::step_04"", ""partially_inserted_in"", ""screw"", ""rod_holes""], ""conf"": 1.0, ""confidence"": 1.0, ""display_label"": ""hasObservedEffect(step_04, partially_inserted_in, screw, rod_holes)"", ""display_name"": ""hasObservedEffect"", ""name"": ""hasObservedEffect"", ""predicate_id"": ""pred::pilot::s04::effect::partially_inserted"", ""short_id"": ""pred::pilot::s04::effect::partially_inserted"", ""source"": {""file"": ""Pilot/rod_assembly_steps.json"", ""type"": ""manual_symbolic_annotation""}}"
Predicate::pred::pilot::s04::object::screw,Predicate,"{""args"": [""step::pilot_rod_assembly::step_04"", ""screw""], ""conf"": 1.0, ""confidence"": 1.0, ""display_label"": ""usesObject(step_04, screw)"", ""display_name"": ""usesObject"", ""name"": ""usesObject"", ""predicate_id"": ""pred::pilot::s04::object::screw"", ""short_id"": ""pred::pilot::s04::object::screw"", ""source"": {""file"": ""Pilot/rod_assembly_steps.json"", ""type"": ""manual_symbolic_annotation""}}"
Predicate::pred::pilot::s04::parent::rod_holes,Predicate,"{""args"": [""rod_holes"", ""metal_rod""], ""conf"": 1.0, ""confidence"": 1.0, ""display_label"": ""hasParentComponent(rod_holes, metal_rod)"", ""display_name"": ""hasParentComponent"", ""name"": ""hasParentComponent"", ""predicate_id"": ""pred::pilot::s04::parent::rod_holes"", ""short_id"": ""pred::pilot::s04::parent::rod_holes"", ""source"": {""file"": ""Pilot/domain_config_pilot.yaml"", ""type"": ""pilot_domain_config""}}"
Predicate::pred::pilot::s04::required_tool,Predicate,"{""args"": [""step::pilot_rod_assembly::step_04"", ""power_screwdriver""], ""conf"": 1.0, ""confidence"": 1.0, ""display_label"": ""hasRequiredTool(step_04, power_screwdriver)"", ""display_name"": ""hasRequiredTool"", ""name"": ""hasRequiredTool"", ""predicate_id"": ""pred::pilot::s04::required_tool"", ""short_id"": ""pred::pilot::s04::required_tool"", ""source"": {""file"": ""Pilot/rod_assembly_steps.json"", ""type"": ""manual_symbolic_annotation""}}"
Predicate::pred::pilot::s04::requires::oring_inserted,Predicate,"{""args"": [""step::pilot_rod_assembly::step_04"", ""inserted_in"", ""o_ring"", ""rod_holes""], ""conf"": 1.0, ""confidence"": 1.0, ""display_label"": ""hasRequiredCondition(step_04, inserted_in, o_ring, rod_holes)"", ""display_name"": ""hasRequiredCondition"", ""name"": ""hasRequiredCondition"", ""predicate_id"": ""pred::pilot::s04::requires::oring_inserted"", ""short_id"": ""pred::pilot::s04::requires::oring_inserted"", ""source"": {""file"": ""Pilot/rod_assembly_steps.json"", ""type"": ""manual_symbolic_annotation""}}"
Predicate::pred::pilot::s04::requires::sleeves_adjusted,Predicate,"{""args"": [""step::pilot_rod_assembly::step_04"", ""adjusted_over"", ""sleeve"", ""o_ring""], ""conf"": 1.0, ""confidence"": 1.0, ""display_label"": ""hasRequiredCondition(step_04, adjusted_over, sleeve, o_ring)"", ""display_name"": ""hasRequiredCondition"", ""name"": ""hasRequiredCondition"", ""predicate_id"": ""pred::pilot::s04::requires::sleeves_adjusted"", ""short_id"": ""pred::pilot::s04::requires::sleeves_adjusted"", ""source"": {""file"": ""Pilot/rod_assembly_steps.json"", ""type"": ""manual_symbolic_annotation""}}"
Predicate::pred::pilot::s04::time,Predicate,"{""args"": [""step::pilot_rod_assembly::step_04"", 196, 376], ""conf"": 1.0, ""confidence"": 1.0, ""display_label"": ""hasTimeWindow(step_04, 196, 376)"", ""display_name"": ""hasTimeWindow"", ""name"": ""hasTimeWindow"", ""predicate_id"": ""pred::pilot::s04::time"", ""short_id"": ""pred::pilot::s04::time"", ""source"": {""file"": ""Pilot/rod_assembly_steps.json"", ""type"": ""manual_symbolic_annotation""}}"
Predicate::pred::pilot::s04::tool::power_screwdriver,Predicate,"{""args"": [""step::pilot_rod_assembly::step_04"", ""power_screwdriver""], ""conf"": 1.0, ""confidence"": 1.0, ""display_label"": ""usesTool(step_04, power_screwdriver)"", ""display_name"": ""usesTool"", ""name"": ""usesTool"", ""predicate_id"": ""pred::pilot::s04::tool::power_screwdriver"", ""short_id"": ""pred::pilot::s04::tool::power_screwdriver"", ""source"": {""file"": ""Pilot/rod_assembly_steps.json"", ""type"": ""manual_symbolic_annotation""}}"
Predicate::pred::pilot::s04::type::rod_holes,Predicate,"{""args"": [""rod_holes"", ""RodHole""], ""conf"": 1.0, ""confidence"": 1.0, ""display_label"": ""isA(rod_holes, RodHole)"", ""display_name"": ""isA"", ""name"": ""isA"", ""predicate_id"": ""pred::pilot::s04::type::rod_holes"", ""short_id"": ""pred::pilot::s04::type::rod_holes"", ""source"": {""file"": ""Pilot/domain_config_pilot.yaml"", ""type"": ""pilot_domain_config""}}"
Predicate::pred::pilot::s05::action,Predicate,"{""args"": [""step::pilot_rod_assembly::step_05"", ""apply""], ""conf"": 1.0, ""confidence"": 1.0, ""display_label"": ""hasAction(step_05, apply)"", ""display_name"": ""hasAction"", ""name"": ""hasAction"", ""predicate_id"": ""pred::pilot::s05::action"", ""short_id"": ""pred::pilot::s05::action"", ""source"": {""file"": ""Pilot/rod_assembly_steps.json"", ""type"": ""manual_symbolic_annotation""}}"
Predicate::pred::pilot::s05::effect::threadlocker_applied,Predicate,"{""args"": [""step::pilot_rod_assembly::step_05"", ""applied_to"", ""threadlocker_loctite"", ""screw""], ""conf"": 1.0, ""confidence"": 1.0, ""display_label"": ""hasObservedEffect(step_05, applied_to, threadlocker_loctite, screw)"", ""display_name"": ""hasObservedEffect"", ""name"": ""hasObservedEffect"", ""predicate_id"": ""pred::pilot::s05::effect::threadlocker_applied"", ""short_id"": ""pred::pilot::s05::effect::threadlocker_applied"", ""source"": {""file"": ""Pilot/rod_assembly_steps.json"", ""type"": ""manual_symbolic_annotation""}}"
Predicate::pred::pilot::s05::material::threadlocker,Predicate,"{""args"": [""step::pilot_rod_assembly::step_05"", ""threadlocker_loctite""], ""conf"": 1.0, ""confidence"": 1.0, ""display_label"": ""usesMaterial(step_05, threadlocker_loctite)"", ""display_name"": ""usesMaterial"", ""name"": ""usesMaterial"", ""predicate_id"": ""pred::pilot::s05::material::threadlocker"", ""short_id"": ""pred::pilot::s05::material::threadlocker"", ""source"": {""file"": ""Pilot/rod_assembly_steps.json"", ""type"": ""manual_symbolic_annotation""}}"
Predicate::pred::pilot::s05::object::screw,Predicate,"{""args"": [""step::pilot_rod_assembly::step_05"", ""screw""], ""conf"": 1.0, ""confidence"": 1.0, ""display_label"": ""usesObject(step_05, screw)"", ""display_name"": ""usesObject"", ""name"": ""usesObject"", ""predicate_id"": ""pred::pilot::s05::object::screw"", ""short_id"": ""pred::pilot::s05::object::screw"", ""source"": {""file"": ""Pilot/rod_assembly_steps.json"", ""type"": ""manual_symbolic_annotation""}}"
Predicate::pred::pilot::s05::requires::partially_inserted,Predicate,"{""args"": [""step::pilot_rod_assembly::step_05"", ""partially_inserted_in"", ""screw"", ""rod_holes""], ""conf"": 1.0, ""confidence"": 1.0, ""display_label"": ""hasRequiredCondition(step_05, partially_inserted_in, screw, rod_holes)"", ""display_name"": ""hasRequiredCondition"", ""name"": ""hasRequiredCondition"", ""predicate_id"": ""pred::pilot::s05::requires::partially_inserted"", ""short_id"": ""pred::pilot::s05::requires::partially_inserted"", ""source"": {""file"": ""Pilot/rod_assembly_steps.json"", ""type"": ""manual_symbolic_annotation""}}"
Predicate::pred::pilot::s05::time,Predicate,"{""args"": [""step::pilot_rod_assembly::step_05"", 376, 429], ""conf"": 1.0, ""confidence"": 1.0, ""display_label"": ""hasTimeWindow(step_05, 376, 429)"", ""display_name"": ""hasTimeWindow"", ""name"": ""hasTimeWindow"", ""predicate_id"": ""pred::pilot::s05::time"", ""short_id"": ""pred::pilot::s05::time"", ""source"": {""file"": ""Pilot/rod_assembly_steps.json"", ""type"": ""manual_symbolic_annotation""}}"
Predicate::pred::pilot::s06::action,Predicate,"{""args"": [""step::pilot_rod_assembly::step_06"", ""tighten""], ""conf"": 1.0, ""confidence"": 1.0, ""display_label"": ""hasAction(step_06, tighten)"", ""display_name"": ""hasAction"", ""name"": ""hasAction"", ""predicate_id"": ""pred::pilot::s06::action"", ""short_id"": ""pred::pilot::s06::action"", ""source"": {""file"": ""Pilot/rod_assembly_steps.json"", ""type"": ""manual_symbolic_annotation""}}"
Predicate::pred::pilot::s06::effect::flush,Predicate,"{""args"": [""step::pilot_rod_assembly::step_06"", ""flush_with"", ""screw"", ""sleeve""], ""conf"": 1.0, ""confidence"": 1.0, ""display_label"": ""hasObservedEffect(step_06, flush_with, screw, sleeve)"", ""display_name"": ""hasObservedEffect"", ""name"": ""hasObservedEffect"", ""predicate_id"": ""pred::pilot::s06::effect::flush"", ""short_id"": ""pred::pilot::s06::effect::flush"", ""source"": {""file"": ""Pilot/rod_assembly_steps.json"", ""type"": ""manual_symbolic_annotation""}}"
Predicate::pred::pilot::s06::effect::secured,Predicate,"{""args"": [""step::pilot_rod_assembly::step_06"", ""secured_to"", ""sleeve"", ""metal_rod""], ""conf"": 1.0, ""confidence"": 1.0, ""display_label"": ""hasObservedEffect(step_06, secured_to, sleeve, metal_rod)"", ""display_name"": ""hasObservedEffect"", ""name"": ""hasObservedEffect"", ""predicate_id"": ""pred::pilot::s06::effect::secured"", ""short_id"": ""pred::pilot::s06::effect::secured"", ""source"": {""file"": ""Pilot/rod_assembly_steps.json"", ""type"": ""manual_symbolic_annotation""}}"
Predicate::pred::pilot::s06::object::screw,Predicate,"{""args"": [""step::pilot_rod_assembly::step_06"", ""screw""], ""conf"": 1.0, ""confidence"": 1.0, ""display_label"": ""usesObject(step_06, screw)"", ""display_name"": ""usesObject"", ""name"": ""usesObject"", ""predicate_id"": ""pred::pilot::s06::object::screw"", ""short_id"": ""pred::pilot::s06::object::screw"", ""source"": {""file"": ""Pilot/rod_assembly_steps.json"", ""type"": ""manual_symbolic_annotation""}}"
Predicate::pred::pilot::s06::required_tool,Predicate,"{""args"": [""step::pilot_rod_assembly::step_06"", ""power_screwdriver""], ""conf"": 1.0, ""confidence"": 1.0, ""display_label"": ""hasRequiredTool(step_06, power_screwdriver)"", ""display_name"": ""hasRequiredTool"", ""name"": ""hasRequiredTool"", ""predicate_id"": ""pred::pilot::s06::required_tool"", ""short_id"": ""pred::pilot::s06::required_tool"", ""source"": {""file"": ""Pilot/rod_assembly_steps.json"", ""type"": ""manual_symbolic_annotation""}}"
Predicate::pred::pilot::s06::requires::partially_inserted,Predicate,"{""args"": [""step::pilot_rod_assembly::step_06"", ""partially_inserted_in"", ""screw"", ""rod_holes""], ""conf"": 1.0, ""confidence"": 1.0, ""display_label"": ""hasRequiredCondition(step_06, partially_inserted_in, screw, rod_holes)"", ""display_name"": ""hasRequiredCondition"", ""name"": ""hasRequiredCondition"", ""predicate_id"": ""pred::pilot::s06::requires::partially_inserted"", ""short_id"": ""pred::pilot::s06::requires::partially_inserted"", ""source"": {""file"": ""Pilot/rod_assembly_steps.json"", ""type"": ""manual_symbolic_annotation""}}"
Predicate::pred::pilot::s06::requires::threadlocker,Predicate,"{""args"": [""step::pilot_rod_assembly::step_06"", ""applied_to"", ""threadlocker_loctite"", ""screw""], ""conf"": 1.0, ""confidence"": 1.0, ""display_label"": ""hasRequiredCondition(step_06, applied_to, threadlocker_loctite, screw)"", ""display_name"": ""hasRequiredCondition"", ""name"": ""hasRequiredCondition"", ""predicate_id"": ""pred::pilot::s06::requires::threadlocker"", ""short_id"": ""pred::pilot::s06::requires::threadlocker"", ""source"": {""file"": ""Pilot/rod_assembly_steps.json"", ""type"": ""manual_symbolic_annotation""}}"
Predicate::pred::pilot::s06::time,Predicate,"{""args"": [""step::pilot_rod_assembly::step_06"", 429, 531], ""conf"": 1.0, ""confidence"": 1.0, ""display_label"": ""hasTimeWindow(step_06, 429, 531)"", ""display_name"": ""hasTimeWindow"", ""name"": ""hasTimeWindow"", ""predicate_id"": ""pred::pilot::s06::time"", ""short_id"": ""pred::pilot::s06::time"", ""source"": {""file"": ""Pilot/rod_assembly_steps.json"", ""type"": ""manual_symbolic_annotation""}}"
Predicate::pred::pilot::s06::tool::power_screwdriver,Predicate,"{""args"": [""step::pilot_rod_assembly::step_06"", ""power_screwdriver""], ""conf"": 1.0, ""confidence"": 1.0, ""display_label"": ""usesTool(step_06, power_screwdriver)"", ""display_name"": ""usesTool"", ""name"": ""usesTool"", ""predicate_id"": ""pred::pilot::s06::tool::power_screwdriver"", ""short_id"": ""pred::pilot::s06::tool::power_screwdriver"", ""source"": {""file"": ""Pilot/rod_assembly_steps.json"", ""type"": ""manual_symbolic_annotation""}}"
Predicate::pred::pilot::s07::action,Predicate,"{""args"": [""step::pilot_rod_assembly::step_07"", ""clean""], ""conf"": 1.0, ""confidence"": 1.0, ""display_label"": ""hasAction(step_07, clean)"", ""display_name"": ""hasAction"", ""name"": ""hasAction"", ""predicate_id"": ""pred::pilot::s07::action"", ""short_id"": ""pred::pilot::s07::action"", ""source"": {""file"": ""Pilot/rod_assembly_steps.json"", ""type"": ""manual_symbolic_annotation""}}"
Predicate::pred::pilot::s07::effect::avoid_polish,Predicate,"{""args"": [""step::pilot_rod_assembly::step_07"", ""avoided_contact_with"", ""copper_sleeve"", ""paper""], ""conf"": 1.0, ""confidence"": 1.0, ""display_label"": ""hasObservedEffect(step_07, avoided_contact_with, copper_sleeve, paper)"", ""display_name"": ""hasObservedEffect"", ""name"": ""hasObservedEffect"", ""predicate_id"": ""pred::pilot::s07::effect::avoid_polish"", ""short_id"": ""pred::pilot::s07::effect::avoid_polish"", ""source"": {""file"": ""Pilot/rod_assembly_steps.json"", ""type"": ""manual_symbolic_annotation""}}"
Predicate::pred::pilot::s07::effect::cleaned,Predicate,"{""args"": [""step::pilot_rod_assembly::step_07"", ""cleaned_with"", ""rod_assembly"", ""ethanol""], ""conf"": 1.0, ""confidence"": 1.0, ""display_label"": ""hasObservedEffect(step_07, cleaned_with, rod_assembly, ethanol)"", ""display_name"": ""hasObservedEffect"", ""name"": ""hasObservedEffect"", ""predicate_id"": ""pred::pilot::s07::effect::cleaned"", ""short_id"": ""pred::pilot::s07::effect::cleaned"", ""source"": {""file"": ""Pilot/rod_assembly_steps.json"", ""type"": ""manual_symbolic_annotation""}}"
Predicate::pred::pilot::s07::material::ethanol,Predicate,"{""args"": [""step::pilot_rod_assembly::step_07"", ""ethanol""], ""conf"": 1.0, ""confidence"": 1.0, ""display_label"": ""usesMaterial(step_07, ethanol)"", ""display_name"": ""usesMaterial"", ""name"": ""usesMaterial"", ""predicate_id"": ""pred::pilot::s07::material::ethanol"", ""short_id"": ""pred::pilot::s07::material::ethanol"", ""source"": {""file"": ""Pilot/rod_assembly_steps.json"", ""type"": ""manual_symbolic_annotation""}}"
Predicate::pred::pilot::s07::material::paper,Predicate,"{""args"": [""step::pilot_rod_assembly::step_07"", ""paper""], ""conf"": 1.0, ""confidence"": 1.0, ""display_label"": ""usesMaterial(step_07, paper)"", ""display_name"": ""usesMaterial"", ""name"": ""usesMaterial"", ""predicate_id"": ""pred::pilot::s07::material::paper"", ""short_id"": ""pred::pilot::s07::material::paper"", ""source"": {""file"": ""Pilot/rod_assembly_steps.json"", ""type"": ""manual_symbolic_annotation""}}"
Predicate::pred::pilot::s07::object::rod_assembly,Predicate,"{""args"": [""step::pilot_rod_assembly::step_07"", ""rod_assembly""], ""conf"": 1.0, ""confidence"": 1.0, ""display_label"": ""usesObject(step_07, rod_assembly)"", ""display_name"": ""usesObject"", ""name"": ""usesObject"", ""predicate_id"": ""pred::pilot::s07::object::rod_assembly"", ""short_id"": ""pred::pilot::s07::object::rod_assembly"", ""source"": {""file"": ""Pilot/rod_assembly_steps.json"", ""type"": ""manual_symbolic_annotation""}}"
Predicate::pred::pilot::s07::requires::secured,Predicate,"{""args"": [""step::pilot_rod_assembly::step_07"", ""secured_to"", ""sleeve"", ""metal_rod""], ""conf"": 1.0, ""confidence"": 1.0, ""display_label"": ""hasRequiredCondition(step_07, secured_to, sleeve, metal_rod)"", ""display_name"": ""hasRequiredCondition"", ""name"": ""hasRequiredCondition"", ""predicate_id"": ""pred::pilot::s07::requires::secured"", ""short_id"": ""pred::pilot::s07::requires::secured"", ""source"": {""file"": ""Pilot/rod_assembly_steps.json"", ""type"": ""manual_symbolic_annotation""}}"
Predicate::pred::pilot::s07::time,Predicate,"{""args"": [""step::pilot_rod_assembly::step_07"", 531, 566], ""conf"": 1.0, ""confidence"": 1.0, ""display_label"": ""hasTimeWindow(step_07, 531, 566)"", ""display_name"": ""hasTimeWindow"", ""name"": ""hasTimeWindow"", ""predicate_id"": ""pred::pilot::s07::time"", ""short_id"": ""pred::pilot::s07::time"", ""source"": {""file"": ""Pilot/rod_assembly_steps.json"", ""type"": ""manual_symbolic_annotation""}}"
Predicate::pred::pilot::s08::action,Predicate,"{""args"": [""step::pilot_rod_assembly::step_08"", ""lubricate""], ""conf"": 1.0, ""confidence"": 1.0, ""display_label"": ""hasAction(step_08, lubricate)"", ""display_name"": ""hasAction"", ""name"": ""hasAction"", ""predicate_id"": ""pred::pilot::s08::action"", ""short_id"": ""pred::pilot::s08::action"", ""source"": {""file"": ""Pilot/rod_assembly_steps.json"", ""type"": ""manual_symbolic_annotation""}}"
Predicate::pred::pilot::s08::effect::avoid_copper,Predicate,"{""args"": [""step::pilot_rod_assembly::step_08"", ""avoided_contact_with"", ""copper_sleeve"", ""grease""], ""conf"": 1.0, ""confidence"": 1.0, ""display_label"": ""hasObservedEffect(step_08, avoided_contact_with, copper_sleeve, grease)"", ""display_name"": ""hasObservedEffect"", ""name"": ""hasObservedEffect"", ""predicate_id"": ""pred::pilot::s08::effect::avoid_copper"", ""short_id"": ""pred::pilot::s08::effect::avoid_copper"", ""source"": {""file"": ""Pilot/rod_assembly_steps.json"", ""type"": ""manual_symbolic_annotation""}}"
Predicate::pred::pilot::s08::effect::lubricated,Predicate,"{""args"": [""step::pilot_rod_assembly::step_08"", ""lubricated_with"", ""silver_sleeve"", ""grease""], ""conf"": 1.0, ""confidence"": 1.0, ""display_label"": ""hasObservedEffect(step_08, lubricated_with, silver_sleeve, grease)"", ""display_name"": ""hasObservedEffect"", ""name"": ""hasObservedEffect"", ""predicate_id"": ""pred::pilot::s08::effect::lubricated"", ""short_id"": ""pred::pilot::s08::effect::lubricated"", ""source"": {""file"": ""Pilot/rod_assembly_steps.json"", ""type"": ""manual_symbolic_annotation""}}"
Predicate::pred::pilot::s08::material::grease,Predicate,"{""args"": [""step::pilot_rod_assembly::step_08"", ""grease""], ""conf"": 1.0, ""confidence"": 1.0, ""display_label"": ""usesMaterial(step_08, grease)"", ""display_name"": ""usesMaterial"", ""name"": ""usesMaterial"", ""predicate_id"": ""pred::pilot::s08::material::grease"", ""short_id"": ""pred::pilot::s08::material::grease"", ""source"": {""file"": ""Pilot/rod_assembly_steps.json"", ""type"": ""manual_symbolic_annotation""}}"
Predicate::pred::pilot::s08::object::silver_sleeve,Predicate,"{""args"": [""step::pilot_rod_assembly::step_08"", ""silver_sleeve""], ""conf"": 1.0, ""confidence"": 1.0, ""display_label"": ""usesObject(step_08, silver_sleeve)"", ""display_name"": ""usesObject"", ""name"": ""usesObject"", ""predicate_id"": ""pred::pilot::s08::object::silver_sleeve"", ""short_id"": ""pred::pilot::s08::object::silver_sleeve"", ""source"": {""file"": ""Pilot/rod_assembly_steps.json"", ""type"": ""manual_symbolic_annotation""}}"
Predicate::pred::pilot::s08::requires::cleaned,Predicate,"{""args"": [""step::pilot_rod_assembly::step_08"", ""cleaned_with"", ""rod_assembly"", ""ethanol""], ""conf"": 1.0, ""confidence"": 1.0, ""display_label"": ""hasRequiredCondition(step_08, cleaned_with, rod_assembly, ethanol)"", ""display_name"": ""hasRequiredCondition"", ""name"": ""hasRequiredCondition"", ""predicate_id"": ""pred::pilot::s08::requires::cleaned"", ""short_id"": ""pred::pilot::s08::requires::cleaned"", ""source"": {""file"": ""Pilot/rod_assembly_steps.json"", ""type"": ""manual_symbolic_annotation""}}"
Predicate::pred::pilot::s08::requires::secured,Predicate,"{""args"": [""step::pilot_rod_assembly::step_08"", ""secured_to"", ""sleeve"", ""metal_rod""], ""conf"": 1.0, ""confidence"": 1.0, ""display_label"": ""hasRequiredCondition(step_08, secured_to, sleeve, metal_rod)"", ""display_name"": ""hasRequiredCondition"", ""name"": ""hasRequiredCondition"", ""predicate_id"": ""pred::pilot::s08::requires::secured"", ""short_id"": ""pred::pilot::s08::requires::secured"", ""source"": {""file"": ""Pilot/rod_assembly_steps.json"", ""type"": ""manual_symbolic_annotation""}}"
Predicate::pred::pilot::s08::time,Predicate,"{""args"": [""step::pilot_rod_assembly::step_08"", 566, 642], ""conf"": 1.0, ""confidence"": 1.0, ""display_label"": ""hasTimeWindow(step_08, 566, 642)"", ""display_name"": ""hasTimeWindow"", ""name"": ""hasTimeWindow"", ""predicate_id"": ""pred::pilot::s08::time"", ""short_id"": ""pred::pilot::s08::time"", ""source"": {""file"": ""Pilot/rod_assembly_steps.json"", ""type"": ""manual_symbolic_annotation""}}"
Predicate::pred::pilot::s08::tool::sponge,Predicate,"{""args"": [""step::pilot_rod_assembly::step_08"", ""sponge""], ""conf"": 1.0, ""confidence"": 1.0, ""display_label"": ""usesTool(step_08, sponge)"", ""display_name"": ""usesTool"", ""name"": ""usesTool"", ""predicate_id"": ""pred::pilot::s08::tool::sponge"", ""short_id"": ""pred::pilot::s08::tool::sponge"", ""source"": {""file"": ""Pilot/rod_assembly_steps.json"", ""type"": ""manual_symbolic_annotation""}}"
Rule::effect_observed_pilot_condition,Rule,"{""display_label"": ""effect_observed_pilot_condition"", ""display_name"": ""effect_observed_pilot_condition"", ""rule_id"": ""effect_observed_pilot_condition"", ""short_id"": ""effect_observed_pilot_condition""}"
Rule::precondition_required_pilot_condition,Rule,"{""display_label"": ""precondition_required_pilot_condition"", ""display_name"": ""precondition_required_pilot_condition"", ""rule_id"": ""precondition_required_pilot_condition"", ""short_id"": ""precondition_required_pilot_condition""}"
Rule::tool_required_by_pilot_step,Rule,"{""display_label"": ""tool_required_by_pilot_step"", ""display_name"": ""tool_required_by_pilot_step"", ""rule_id"": ""tool_required_by_pilot_step"", ""short_id"": ""tool_required_by_pilot_step""}"
Source::dcf252eb33b7d491,Source,"{""display_label"": ""manual_symbolic_annotation:rod_assembly_steps.json"", ""display_name"": ""manual_symbolic_annotation:rod_assembly_steps.json"", ""file"": ""Pilot/rod_assembly_steps.json"", ""short_id"": ""dcf252eb33b7d491"", ""source_id"": ""dcf252eb33b7d491"", ""source_type"": ""manual_symbolic_annotation""}"
Source::f8a54470d6ca242e,Source,"{""display_label"": ""pilot_domain_config:domain_config_pilot.yaml"", ""display_name"": ""pilot_domain_config:domain_config_pilot.yaml"", ""file"": ""Pilot/domain_config_pilot.yaml"", ""short_id"": ""f8a54470d6ca242e"", ""source_id"": ""f8a54470d6ca242e"", ""source_type"": ""pilot_domain_config""}"
Step::step::pilot_rod_assembly::step_01,Step,"{""action_description"": ""The operator places a long metal rod on the workbench."", ""action_event_type"": ""place"", ""action_name"": ""place"", ""clip"": ""sample_video_a"", ""clip_result_id"": ""pilot_rod_assembly"", ""confidence"": 1.0, ""display_label"": ""Step 1 [accepted]"", ""display_name"": ""Step 1"", ""has_expected_effect"": true, ""has_rule_coverage"": true, ""index"": 1, ""invalidates_effect_count"": 0, ""matched_rule_count"": 1, ""mode"": ""symbolic"", ""object_ids"": [""metal_rod"", ""workbench""], ""object_summary"": ""metal_rod, workbench"", ""produced_constraint_count"": 1, ""run_id"": ""pilot_rod_assembly_symbolic"", ""schema_version"": ""thesis_layer4_validation.v1"", ""short_id"": ""step_01"", ""source_event_id"": ""pilot_rod_assembly::step_01"", ""status"": ""accepted"", ""step_id"": ""step::pilot_rod_assembly::step_01"", ""unsupported_action"": false, ""warning_count"": 0}"
Step::step::pilot_rod_assembly::step_02,Step,"{""action_description"": ""The operator slides a combination of long, short and copper sleeves onto the rod."", ""action_event_type"": ""slide"", ""action_name"": ""slide"", ""clip"": ""sample_video_a"", ""clip_result_id"": ""pilot_rod_assembly"", ""confidence"": 1.0, ""display_label"": ""Step 2 [accepted]"", ""display_name"": ""Step 2"", ""has_expected_effect"": true, ""has_rule_coverage"": true, ""index"": 2, ""invalidates_effect_count"": 0, ""matched_rule_count"": 2, ""mode"": ""symbolic"", ""object_ids"": [""sleeve"", ""long_sleeve"", ""short_sleeve"", ""copper_sleeve"", ""metal_rod""], ""object_summary"": ""sleeve, long_sleeve, short_sleeve, copper_sleeve, metal_rod"", ""produced_constraint_count"": 5, ""run_id"": ""pilot_rod_assembly_symbolic"", ""schema_version"": ""thesis_layer4_validation.v1"", ""short_id"": ""step_02"", ""source_event_id"": ""pilot_rod_assembly::step_02"", ""status"": ""accepted"", ""step_id"": ""step::pilot_rod_assembly::step_02"", ""unsupported_action"": false, ""warning_count"": 0}"
Step::step::pilot_rod_assembly::step_03,Step,"{""action_description"": ""The operator places O-rings in the holes on the rod and adjusts the sleeves over them."", ""action_event_type"": ""place"", ""action_name"": ""place"", ""clip"": ""sample_video_a"", ""clip_result_id"": ""pilot_rod_assembly"", ""confidence"": 1.0, ""display_label"": ""Step 3 [accepted]"", ""display_name"": ""Step 3"", ""has_expected_effect"": true, ""has_rule_coverage"": true, ""index"": 3, ""invalidates_effect_count"": 0, ""matched_rule_count"": 2, ""mode"": ""symbolic"", ""object_ids"": [""o_ring"", ""rod_holes"", ""sleeve""], ""object_summary"": ""o_ring, rod_holes, sleeve"", ""produced_constraint_count"": 3, ""run_id"": ""pilot_rod_assembly_symbolic"", ""schema_version"": ""thesis_layer4_validation.v1"", ""short_id"": ""step_03"", ""source_event_id"": ""pilot_rod_assembly::step_03"", ""status"": ""accepted"", ""step_id"": ""step::pilot_rod_assembly::step_03"", ""unsupported_action"": false, ""warning_count"": 0}"
Step::step::pilot_rod_assembly::step_04,Step,"{""action_description"": ""The operator drives the screws halfway into all holes using a power screwdriver."", ""action_event_type"": ""drive"", ""action_name"": ""drive"", ""clip"": ""sample_video_a"", ""clip_result_id"": ""pilot_rod_assembly"", ""confidence"": 1.0, ""display_label"": ""Step 4 [accepted]"", ""display_name"": ""Step 4"", ""has_expected_effect"": true, ""has_rule_coverage"": true, ""index"": 4, ""invalidates_effect_count"": 0, ""matched_rule_count"": 3, ""mode"": ""symbolic"", ""object_ids"": [""screw"", ""rod_holes"", ""power_screwdriver""], ""object_summary"": ""screw, rod_holes, power_screwdriver"", ""produced_constraint_count"": 4, ""run_id"": ""pilot_rod_assembly_symbolic"", ""schema_version"": ""thesis_layer4_validation.v1"", ""short_id"": ""step_04"", ""source_event_id"": ""pilot_rod_assembly::step_04"", ""status"": ""accepted"", ""step_id"": ""step::pilot_rod_assembly::step_04"", ""unsupported_action"": false, ""warning_count"": 0}"
Step::step::pilot_rod_assembly::step_05,Step,"{""action_description"": ""The operator applies threadlocker (Loctite) to all partially inserted screws."", ""action_event_type"": ""apply"", ""action_name"": ""apply"", ""clip"": ""sample_video_a"", ""clip_result_id"": ""pilot_rod_assembly"", ""confidence"": 1.0, ""display_label"": ""Step 5 [accepted]"", ""display_name"": ""Step 5"", ""has_expected_effect"": true, ""has_rule_coverage"": true, ""index"": 5, ""invalidates_effect_count"": 0, ""matched_rule_count"": 2, ""mode"": ""symbolic"", ""object_ids"": [""threadlocker_loctite"", ""screw""], ""object_summary"": ""threadlocker_loctite, screw"", ""produced_constraint_count"": 2, ""run_id"": ""pilot_rod_assembly_symbolic"", ""schema_version"": ""thesis_layer4_validation.v1"", ""short_id"": ""step_05"", ""source_event_id"": ""pilot_rod_assembly::step_05"", ""status"": ""accepted"", ""step_id"": ""step::pilot_rod_assembly::step_05"", ""unsupported_action"": false, ""warning_count"": 0}"
Step::step::pilot_rod_assembly::step_06,Step,"{""action_description"": ""The operator fully tightens all screws to secure the sleeves."", ""action_event_type"": ""tighten"", ""action_name"": ""tighten"", ""clip"": ""sample_video_a"", ""clip_result_id"": ""pilot_rod_assembly"", ""confidence"": 1.0, ""display_label"": ""Step 6 [accepted]"", ""display_name"": ""Step 6"", ""has_expected_effect"": true, ""has_rule_coverage"": true, ""index"": 6, ""invalidates_effect_count"": 0, ""matched_rule_count"": 3, ""mode"": ""symbolic"", ""object_ids"": [""screw"", ""sleeve"", ""power_screwdriver""], ""object_summary"": ""screw, sleeve, power_screwdriver"", ""produced_constraint_count"": 5, ""run_id"": ""pilot_rod_assembly_symbolic"", ""schema_version"": ""thesis_layer4_validation.v1"", ""short_id"": ""step_06"", ""source_event_id"": ""pilot_rod_assembly::step_06"", ""status"": ""accepted"", ""step_id"": ""step::pilot_rod_assembly::step_06"", ""unsupported_action"": false, ""warning_count"": 0}"
Step::step::pilot_rod_assembly::step_07,Step,"{""action_description"": ""The operator cleans the rod and sleeves with ethanol and paper."", ""action_event_type"": ""clean"", ""action_name"": ""clean"", ""clip"": ""sample_video_a"", ""clip_result_id"": ""pilot_rod_assembly"", ""confidence"": 1.0, ""display_label"": ""Step 7 [accepted]"", ""display_name"": ""Step 7"", ""has_expected_effect"": true, ""has_rule_coverage"": true, ""index"": 7, ""invalidates_effect_count"": 0, ""matched_rule_count"": 2, ""mode"": ""symbolic"", ""object_ids"": [""rod_assembly"", ""ethanol"", ""paper"", ""copper_sleeve""], ""object_summary"": ""rod_assembly, ethanol, paper, copper_sleeve"", ""produced_constraint_count"": 3, ""run_id"": ""pilot_rod_assembly_symbolic"", ""schema_version"": ""thesis_layer4_validation.v1"", ""short_id"": ""step_07"", ""source_event_id"": ""pilot_rod_assembly::step_07"", ""status"": ""accepted"", ""step_id"": ""step::pilot_rod_assembly::step_07"", ""unsupported_action"": false, ""warning_count"": 0}"
Step::step::pilot_rod_assembly::step_08,Step,"{""action_description"": ""The operator applies grease to a sponge and lubricates the silver-colored sleeves, while avoiding the copper sleeves."", ""action_event_type"": ""lubricate"", ""action_name"": ""lubricate"", ""clip"": ""sample_video_a"", ""clip_result_id"": ""pilot_rod_assembly"", ""confidence"": 1.0, ""display_label"": ""Step 8 [accepted]"", ""display_name"": ""Step 8"", ""has_expected_effect"": true, ""has_rule_coverage"": true, ""index"": 8, ""invalidates_effect_count"": 0, ""matched_rule_count"": 2, ""mode"": ""symbolic"", ""object_ids"": [""silver_sleeve"", ""grease"", ""sponge"", ""copper_sleeve""], ""object_summary"": ""silver_sleeve, grease, sponge, copper_sleeve"", ""produced_constraint_count"": 4, ""run_id"": ""pilot_rod_assembly_symbolic"", ""schema_version"": ""thesis_layer4_validation.v1"", ""short_id"": ""step_08"", ""source_event_id"": ""pilot_rod_assembly::step_08"", ""status"": ""accepted"", ""step_id"": ""step::pilot_rod_assembly::step_08"", ""unsupported_action"": false, ""warning_count"": 0}"
